activation,beta_1,beta_2,commit_hash,dataset,dimensions,dirname,dropout_rate,embeddings_path,epsilon,es__best_epoch,es__best_val_f1,filters,finetune,kernel_sizes,lr,pooling,total_epochs,vocab_size,weight_decay,loss,precision,recall,f1,aupr,val_loss,val_precision,val_recall,val_f1,val_aupr
relu,0.9,0.999,811949ae40a2ed4432ce96b3ddd0f7fcd9ab95bd,0.twitter.gold,200,data/results/20171217_020252_811949,0.5,data/glove.twitter.27B.200d.txt,1e-08,97,0.672672662733,5,False,"[1, 2]",0.001,max,99,2063,0.001,6.26985883713,0.826852560043,0.715555548668,0.767188572114,0.868146654697,1.20325899124,0.708860754967,0.639999985695,0.672672662733,0.719057390547
relu,0.9,0.999,811949ae40a2ed4432ce96b3ddd0f7fcd9ab95bd,0.twitter.gold,200,data/results/20171217_020308_811949,0.5,data/glove.twitter.27B.200d.txt,1e-08,33,0.67499999213,10,False,"[1, 2]",0.001,max,58,2063,0.001,6.67583560944,0.823269486427,0.709841251373,0.762359336549,0.848461100175,1.27948248386,0.744827568531,0.617142856121,0.67499999213,0.749497894913
relu,0.9,0.999,811949ae40a2ed4432ce96b3ddd0f7fcd9ab95bd,0.twitter.gold,200,data/results/20171217_020322_811949,0.5,data/glove.twitter.27B.200d.txt,1e-08,17,0.682779425645,5,False,"[1, 2, 3]",0.001,max,42,2063,0.001,7.74720287323,0.79418694973,0.641904771328,0.709971941265,0.808504614058,1.36980736256,0.724358975887,0.64571428299,0.682779425645,0.739661344358
relu,0.9,0.999,811949ae40a2ed4432ce96b3ddd0f7fcd9ab95bd,0.twitter.gold,200,data/results/20171217_020335_811949,0.5,data/glove.twitter.27B.200d.txt,1e-08,7,0.674846639034,5,False,"[1, 2, 3, 4]",0.001,max,32,2063,0.001,8.79238605499,0.759259283543,0.572698414326,0.652913509855,0.75234351742,1.45630776882,0.728476822376,0.62857145071,0.674846639034,0.721423898366
relu,0.9,0.999,811949ae40a2ed4432ce96b3ddd0f7fcd9ab95bd,0.twitter.gold,200,data/results/20171217_020401_811949,0.5,data/glove.twitter.27B.200d.txt,1e-08,71,0.679127767097,20,False,"[1, 2]",0.001,max,96,2063,0.001,4.68093299866,0.891949176788,0.801904737949,0.844533628104,0.927702473016,1.17789959908,0.74657535553,0.622857153416,0.679127767097,0.766772177524
relu,0.9,0.999,811949ae40a2ed4432ce96b3ddd0f7fcd9ab95bd,0.twitter.gold,200,data/results/20171217_020415_811949,0.5,data/glove.twitter.27B.200d.txt,1e-08,15,0.662650606052,10,False,"[1, 2, 3]",0.001,max,40,2063,0.001,7.04569768906,0.824167311192,0.67555552721,0.742498237894,0.838743262496,1.37563431263,0.700636923313,0.62857145071,0.662650606052,0.733609535883
relu,0.9,0.999,811949ae40a2ed4432ce96b3ddd0f7fcd9ab95bd,0.twitter.gold,200,data/results/20171217_020436_811949,0.5,data/glove.twitter.27B.200d.txt,1e-08,51,0.678571452076,25,False,"[1, 2]",0.001,max,76,2063,0.001,4.8551440239,0.874226808548,0.807619035244,0.839603925994,0.919040755429,1.22699332237,0.708074510098,0.651428580284,0.678571452076,0.740221824101
relu,0.9,0.999,811949ae40a2ed4432ce96b3ddd0f7fcd9ab95bd,0.twitter.gold,200,data/results/20171217_020501_811949,0.5,data/glove.twitter.27B.200d.txt,1e-08,33,0.699999960721,5,False,"[1, 2, 3, 4, 5]",0.001,max,58,2063,0.001,5.20919704437,0.867657482624,0.778412699699,0.820615774783,0.915016333964,1.07864558697,0.772413790226,0.639999985695,0.699999960721,0.780410504036
relu,0.9,0.999,811949ae40a2ed4432ce96b3ddd0f7fcd9ab95bd,0.twitter.gold,200,data/results/20171217_020519_811949,0.5,data/glove.twitter.27B.200d.txt,1e-08,21,0.691131507755,10,False,"[1, 2, 3, 4]",0.001,max,46,2063,0.001,5.80423355103,0.856410264969,0.742222249508,0.795238084939,0.891586562655,1.21502113342,0.743421077728,0.64571428299,0.691131507755,0.771056268894
relu,0.9,0.999,811949ae40a2ed4432ce96b3ddd0f7fcd9ab95bd,0.twitter.gold,200,data/results/20171217_020544_811949,0.5,data/glove.twitter.27B.200d.txt,1e-08,50,0.700906306073,20,False,"[1, 2, 3]",0.001,max,75,2063,0.001,4.12492227554,0.904432117939,0.829206347466,0.865187110494,0.944803262059,1.19895100594,0.743589758873,0.662857115269,0.700906306073,0.763253942976
relu,0.9,0.999,811949ae40a2ed4432ce96b3ddd0f7fcd9ab95bd,0.twitter.gold,200,data/results/20171217_020612_811949,0.5,data/glove.twitter.27B.200d.txt,1e-08,69,0.695906461174,50,False,"[1, 2]",0.001,max,94,2063,0.001,3.89598584175,0.908115386963,0.859682559967,0.883235509992,0.95118802826,1.33736729622,0.712574839592,0.680000007153,0.695906461174,0.730182598683
relu,0.9,0.999,811949ae40a2ed4432ce96b3ddd0f7fcd9ab95bd,0.twitter.gold,200,data/results/20171217_020629_811949,0.5,data/glove.twitter.27B.200d.txt,1e-08,23,0.683544343738,25,False,"[1, 2, 3]",0.001,max,48,2063,0.001,5.38369035721,0.870503604412,0.768253982067,0.816188881151,0.907016132273,1.22708141804,0.765957474709,0.617142856121,0.683544343738,0.762712197111
relu,0.9,0.999,811949ae40a2ed4432ce96b3ddd0f7fcd9ab95bd,0.twitter.gold,200,data/results/20171217_020649_811949,0.5,data/glove.twitter.27B.200d.txt,1e-08,18,0.693251498636,10,False,"[1, 2, 3, 4, 5]",0.001,max,43,2063,0.001,5.70785236359,0.869694709778,0.741587281227,0.8005483074,0.895830734644,1.12073469162,0.748344361782,0.64571428299,0.693251498636,0.774713491662
relu,0.9,0.999,811949ae40a2ed4432ce96b3ddd0f7fcd9ab95bd,0.twitter.gold,200,data/results/20171217_020703_811949,0.5,data/glove.twitter.27B.200d.txt,1e-08,9,0.697947177171,20,False,"[1, 2, 3, 4]",0.001,max,34,2063,0.001,6.84839820862,0.826452612877,0.686349213123,0.749913264822,0.847050793563,1.29498243332,0.716867446899,0.680000007153,0.697947177171,0.770902885299
relu,0.9,0.999,811949ae40a2ed4432ce96b3ddd0f7fcd9ab95bd,0.twitter.gold,200,data/results/20171217_020721_811949,0.5,data/glove.twitter.27B.200d.txt,1e-08,42,0.702380959669,75,False,"[1, 2]",0.001,max,67,2063,0.001,4.46375799179,0.88987082243,0.831111133099,0.859487858272,0.93626067466,1.12831294537,0.732919275761,0.674285709858,0.702380959669,0.772833796524
relu,0.9,0.999,811949ae40a2ed4432ce96b3ddd0f7fcd9ab95bd,0.twitter.gold,200,data/results/20171217_020736_811949,0.5,data/glove.twitter.27B.200d.txt,1e-08,11,0.697530851102,25,False,"[1, 2, 3, 4]",0.001,max,36,2063,0.001,6.36458683014,0.837959468365,0.709206342697,0.768225542141,0.869072065855,1.14991891384,0.758389234543,0.64571428299,0.697530851102,0.778320940117
relu,0.9,0.999,811949ae40a2ed4432ce96b3ddd0f7fcd9ab95bd,0.twitter.gold,200,data/results/20171217_020758_811949,0.5,data/glove.twitter.27B.200d.txt,1e-08,47,0.692307726076,100,False,"[1, 2]",0.001,max,72,2063,0.001,3.99374175072,0.903573811054,0.850793659687,0.876389789853,0.949097297617,1.25753378868,0.717791438103,0.668571412563,0.692307726076,0.772805309782
relu,0.9,0.999,811949ae40a2ed4432ce96b3ddd0f7fcd9ab95bd,0.twitter.gold,200,data/results/20171217_020817_811949,0.5,data/glove.twitter.27B.200d.txt,1e-08,25,0.692307726076,50,False,"[1, 2, 3]",0.001,max,50,2063,0.001,4.76915311813,0.880903482437,0.8171428442,0.847826076135,0.926365039198,1.17657327652,0.717791438103,0.668571412563,0.692307726076,0.780295323078
relu,0.9,0.999,811949ae40a2ed4432ce96b3ddd0f7fcd9ab95bd,0.twitter.gold,200,data/results/20171217_020843_811949,0.5,data/glove.twitter.27B.200d.txt,1e-08,29,0.709876555472,20,False,"[1, 2, 3, 4, 5]",0.001,max,54,2063,0.001,4.35782337189,0.900069415569,0.823492050171,0.860079547407,0.940531696758,1.02683413029,0.771812081337,0.657142877579,0.709876555472,0.772661629459
relu,0.9,0.999,811949ae40a2ed4432ce96b3ddd0f7fcd9ab95bd,0.twitter.gold,200,data/results/20171217_020902_811949,0.5,data/glove.twitter.27B.200d.txt,1e-08,13,0.697819274215,25,False,"[1, 2, 3, 4, 5]",0.001,max,38,2063,0.001,5.76389741898,0.865638792515,0.748571455479,0.802860087943,0.890889609905,1.13902628422,0.767123281956,0.639999985695,0.697819274215,0.78127352136
relu,0.9,0.999,811949ae40a2ed4432ce96b3ddd0f7fcd9ab95bd,0.twitter.gold,200,data/results/20171217_020919_811949,0.5,data/glove.twitter.27B.200d.txt,1e-08,21,0.684848492139,75,False,"[1, 2, 3]",0.001,max,46,2063,0.001,4.78036499023,0.891012012959,0.799365103245,0.842704155071,0.928066819167,1.12398886681,0.729032278061,0.64571428299,0.684848492139,0.78846704098
relu,0.9,0.999,811949ae40a2ed4432ce96b3ddd0f7fcd9ab95bd,0.twitter.gold,200,data/results/20171217_020935_811949,0.5,data/glove.twitter.27B.200d.txt,1e-08,9,0.686930070478,50,False,"[1, 2, 3, 4]",0.001,max,34,2063,0.001,6.04492282867,0.850446403027,0.7257142663,0.783144890506,0.882394766852,1.13143253326,0.733766257763,0.64571428299,0.686930070478,0.777187615545
relu,0.9,0.999,811949ae40a2ed4432ce96b3ddd0f7fcd9ab95bd,0.twitter.gold,200,data/results/20171217_020947_811949,0.5,data/glove.twitter.27B.200d.txt,1e-08,5,0.68923076229,100,False,"[1, 2, 3]",0.001,max,30,2063,0.001,7.71585464478,0.783281743526,0.642539680004,0.705964425184,0.803499547021,1.29357039928,0.746666669846,0.639999985695,0.68923076229,0.747319216115
relu,0.9,0.999,811949ae40a2ed4432ce96b3ddd0f7fcd9ab95bd,0.twitter.gold,200,data/results/20171217_021003_811949,0.5,data/glove.twitter.27B.200d.txt,1e-08,11,0.688622754837,75,False,"[1, 2, 3, 4]",0.001,max,36,2063,0.001,5.80406475067,0.86206895113,0.746031761169,0.799863885116,0.89149919277,1.20068895817,0.72327041626,0.657142877579,0.688622754837,0.784444749714
relu,0.9,0.999,811949ae40a2ed4432ce96b3ddd0f7fcd9ab95bd,1.twitter.silver,200,data/results/20171217_021104_811949,0.5,data/glove.twitter.27B.200d.txt,1e-08,18,0.652307670497,5,False,"[1, 2]",0.001,max,43,2081,0.001,8.32585048676,0.774299860001,0.596825420856,0.674076784018,0.773230661194,1.43876063824,0.706666648388,0.605714261532,0.652307670497,0.68863107702
relu,0.9,0.999,811949ae40a2ed4432ce96b3ddd0f7fcd9ab95bd,1.twitter.silver,200,data/results/20171217_021118_811949,0.5,data/glove.twitter.27B.200d.txt,1e-08,28,0.653968213517,10,False,"[1, 2]",0.001,max,53,2081,0.001,6.78063678741,0.815225422382,0.700317442417,0.753415289078,0.843593233506,1.27311503887,0.735714256763,0.588571429253,0.653968213517,0.727287480377
relu,0.9,0.999,811949ae40a2ed4432ce96b3ddd0f7fcd9ab95bd,1.twitter.silver,200,data/results/20171217_021132_811949,0.5,data/glove.twitter.27B.200d.txt,1e-08,15,0.677115957325,5,False,"[1, 2, 3]",0.001,max,40,2081,0.001,7.46291542053,0.794773280621,0.656507909298,0.719054237663,0.819017898113,1.26783585548,0.75,0.617142856121,0.677115957325,0.7427286901
relu,0.9,0.999,811949ae40a2ed4432ce96b3ddd0f7fcd9ab95bd,1.twitter.silver,200,data/results/20171217_021149_811949,0.5,data/glove.twitter.27B.200d.txt,1e-08,19,0.670658640799,5,False,"[1, 2, 3, 4]",0.001,max,44,2081,0.001,6.4031047821,0.837349414825,0.706031739712,0.76610400422,0.862273711436,1.39820444584,0.704402506351,0.639999985695,0.670658640799,0.719649064363
relu,0.9,0.999,811949ae40a2ed4432ce96b3ddd0f7fcd9ab95bd,1.twitter.silver,200,data/results/20171217_021216_811949,0.5,data/glove.twitter.27B.200d.txt,1e-08,78,0.664723054214,20,False,"[1, 2]",0.001,max,99,2081,0.001,4.23496627808,0.900067985058,0.840634942055,0.869336878324,0.943099370223,1.26024508476,0.678571403027,0.651428580284,0.664723054214,0.698571593766
relu,0.9,0.999,811949ae40a2ed4432ce96b3ddd0f7fcd9ab95bd,1.twitter.silver,200,data/results/20171217_021239_811949,0.5,data/glove.twitter.27B.200d.txt,1e-08,45,0.674772059988,10,False,"[1, 2, 3]",0.001,max,70,2081,0.001,4.83203458786,0.885995805264,0.799365103245,0.84045396422,0.923466884764,1.18558120728,0.720779240131,0.6342856884,0.674772059988,0.707103475196
relu,0.9,0.999,811949ae40a2ed4432ce96b3ddd0f7fcd9ab95bd,1.twitter.silver,200,data/results/20171217_021249_811949,0.5,data/glove.twitter.27B.200d.txt,1e-08,9,0.66463418948,25,False,"[1, 2]",0.001,max,34,2081,0.001,7.67631340027,0.795869767666,0.636190474033,0.707127745072,0.805404704196,1.28738808632,0.712418317795,0.622857153416,0.66463418948,0.724363564029
relu,0.9,0.999,811949ae40a2ed4432ce96b3ddd0f7fcd9ab95bd,1.twitter.silver,200,data/results/20171217_021308_811949,0.5,data/glove.twitter.27B.200d.txt,1e-08,16,0.67515919258,5,False,"[1, 2, 3, 4, 5]",0.001,max,41,2081,0.001,6.28761005402,0.845752596855,0.720634937286,0.778196782482,0.870710381905,1.20666158199,0.762589931488,0.605714261532,0.67515919258,0.766132226882
relu,0.9,0.999,811949ae40a2ed4432ce96b3ddd0f7fcd9ab95bd,1.twitter.silver,200,data/results/20171217_021322_811949,0.5,data/glove.twitter.27B.200d.txt,1e-08,9,0.668711643387,10,False,"[1, 2, 3, 4]",0.001,max,34,2081,0.001,7.49739980698,0.799357950687,0.632380962372,0.706132614779,0.810584800552,1.3128207922,0.721854329109,0.622857153416,0.668711643387,0.733387227352
relu,0.9,0.999,811949ae40a2ed4432ce96b3ddd0f7fcd9ab95bd,1.twitter.silver,200,data/results/20171217_021336_811949,0.5,data/glove.twitter.27B.200d.txt,1e-08,15,0.688622754837,20,False,"[1, 2, 3]",0.001,max,40,2081,0.001,6.11687612534,0.842738926411,0.71111112833,0.771349882853,0.877030469008,1.14134836197,0.72327041626,0.657142877579,0.688622754837,0.76006513233
relu,0.9,0.999,811949ae40a2ed4432ce96b3ddd0f7fcd9ab95bd,1.twitter.silver,200,data/results/20171217_021350_811949,0.5,data/glove.twitter.27B.200d.txt,1e-08,21,0.69253727951,50,False,"[1, 2]",0.001,max,46,2081,0.001,5.70615816116,0.859030842781,0.742857158184,0.796731399475,0.894668522331,1.14706814289,0.725000023842,0.662857115269,0.69253727951,0.754912821688
relu,0.9,0.999,811949ae40a2ed4432ce96b3ddd0f7fcd9ab95bd,1.twitter.silver,200,data/results/20171217_021404_811949,0.5,data/glove.twitter.27B.200d.txt,1e-08,15,0.662538669462,25,False,"[1, 2, 3]",0.001,max,40,2081,0.001,6.19416093826,0.847148299217,0.707301616669,0.770934277742,0.872693354499,1.16423177719,0.722972989082,0.611428558826,0.662538669462,0.752202892023
relu,0.9,0.999,811949ae40a2ed4432ce96b3ddd0f7fcd9ab95bd,1.twitter.silver,200,data/results/20171217_021419_811949,0.5,data/glove.twitter.27B.200d.txt,1e-08,6,0.698795170317,10,False,"[1, 2, 3, 4, 5]",0.001,max,31,2081,0.001,7.69984436035,0.795102059841,0.618412673473,0.695714277215,0.800616272093,1.27040433884,0.738853514194,0.662857115269,0.698795170317,0.754857560713
relu,0.9,0.999,811949ae40a2ed4432ce96b3ddd0f7fcd9ab95bd,1.twitter.silver,200,data/results/20171217_021436_811949,0.5,data/glove.twitter.27B.200d.txt,1e-08,16,0.696696659207,20,False,"[1, 2, 3, 4]",0.001,max,41,2081,0.001,5.72131299973,0.871833086014,0.742857158184,0.802194014743,0.897468731667,1.19901275635,0.734177231789,0.662857115269,0.696696659207,0.758156548873
relu,0.9,0.999,811949ae40a2ed4432ce96b3ddd0f7fcd9ab95bd,1.twitter.silver,200,data/results/20171217_021445_811949,0.5,data/glove.twitter.27B.200d.txt,1e-08,7,0.686390492411,75,False,"[1, 2]",0.001,max,32,2081,0.001,7.44729137421,0.802641808987,0.655873000622,0.721872809541,0.813605442041,1.24770379066,0.711656451225,0.662857115269,0.686390492411,0.734471035257
relu,0.9,0.999,811949ae40a2ed4432ce96b3ddd0f7fcd9ab95bd,1.twitter.silver,200,data/results/20171217_021501_811949,0.5,data/glove.twitter.27B.200d.txt,1e-08,11,0.685714304447,25,False,"[1, 2, 3, 4]",0.001,max,36,2081,0.001,6.26555728912,0.854103326797,0.713650822639,0.777585620816,0.874707158627,1.22695577145,0.685714304447,0.685714304447,0.685714304447,0.772473967224
relu,0.9,0.999,811949ae40a2ed4432ce96b3ddd0f7fcd9ab95bd,1.twitter.silver,200,data/results/20171217_021511_811949,0.5,data/glove.twitter.27B.200d.txt,1e-08,9,0.690909101998,100,False,"[1, 2]",0.001,max,34,2081,0.001,6.71902179718,0.827850043774,0.686984121799,0.75086745233,0.852132239361,1.20202565193,0.735483884811,0.651428580284,0.690909101998,0.74986862438
relu,0.9,0.999,811949ae40a2ed4432ce96b3ddd0f7fcd9ab95bd,1.twitter.silver,200,data/results/20171217_021523_811949,0.5,data/glove.twitter.27B.200d.txt,1e-08,5,0.685185142333,50,False,"[1, 2, 3]",0.001,max,30,2081,0.001,8.04304981232,0.783291995525,0.601269841194,0.68031612824,0.780300771865,1.3058797121,0.744966447353,0.6342856884,0.685185142333,0.734051631527
relu,0.9,0.999,811949ae40a2ed4432ce96b3ddd0f7fcd9ab95bd,1.twitter.silver,200,data/results/20171217_021540_811949,0.5,data/glove.twitter.27B.200d.txt,1e-08,10,0.694362032807,20,False,"[1, 2, 3, 4, 5]",0.001,max,35,2081,0.001,6.17416238785,0.850566029549,0.715555548668,0.777241371829,0.876864788786,1.16240239143,0.722222208977,0.668571412563,0.694362032807,0.772456232582
relu,0.9,0.999,811949ae40a2ed4432ce96b3ddd0f7fcd9ab95bd,1.twitter.silver,200,data/results/20171217_021557_811949,0.5,data/glove.twitter.27B.200d.txt,1e-08,9,0.690690736799,25,False,"[1, 2, 3, 4, 5]",0.001,max,34,2081,0.001,6.31880283356,0.842419743538,0.716190457344,0.774193548918,0.86949910458,1.21284282207,0.727848112583,0.657142877579,0.690690736799,0.768695815456
relu,0.9,0.999,811949ae40a2ed4432ce96b3ddd0f7fcd9ab95bd,1.twitter.silver,200,data/results/20171217_021615_811949,0.5,data/glove.twitter.27B.200d.txt,1e-08,27,0.696428583314,75,False,"[1, 2, 3]",0.001,max,52,2081,0.001,4.46598434448,0.904285728931,0.803809523582,0.851092413635,0.936671912925,1.0874402523,0.726708054543,0.668571412563,0.696428583314,0.751561611273
relu,0.9,0.999,811949ae40a2ed4432ce96b3ddd0f7fcd9ab95bd,1.twitter.silver,200,data/results/20171217_021631_811949,0.5,data/glove.twitter.27B.200d.txt,1e-08,9,0.68923076229,50,False,"[1, 2, 3, 4]",0.001,max,34,2081,0.001,6.25364971161,0.839940190315,0.713015854359,0.771291179136,0.871769309145,1.2018815279,0.746666669846,0.639999985695,0.68923076229,0.758087535028
relu,0.9,0.999,811949ae40a2ed4432ce96b3ddd0f7fcd9ab95bd,1.twitter.silver,200,data/results/20171217_021645_811949,0.5,data/glove.twitter.27B.200d.txt,1e-08,10,0.69208211421,100,False,"[1, 2, 3]",0.001,max,35,2081,0.001,5.99644756317,0.847667634487,0.738412678242,0.789277217827,0.880988333924,1.26405656338,0.710843384266,0.674285709858,0.69208211421,0.742500887528
relu,0.9,0.999,811949ae40a2ed4432ce96b3ddd0f7fcd9ab95bd,1.twitter.silver,200,data/results/20171217_021701_811949,0.5,data/glove.twitter.27B.200d.txt,1e-08,10,0.683076912129,75,False,"[1, 2, 3, 4]",0.001,max,35,2081,0.001,5.8085436821,0.854361951351,0.75238096714,0.800135090304,0.889094663355,1.16822147369,0.740000009537,0.6342856884,0.683076912129,0.768655157784
relu,0.9,0.999,811949ae40a2ed4432ce96b3ddd0f7fcd9ab95bd,2.twitter.biased,200,data/results/20171217_021804_811949,0.5,data/glove.twitter.27B.200d.txt,1e-08,29,0.687861288788,5,False,"[1, 2]",0.001,max,54,1783,0.001,7.45323228836,0.807283759117,0.67555552721,0.735568565799,0.813412819818,1.1187684536,0.695906460285,0.680000007153,0.687861288788,0.71239850259
relu,0.9,0.999,811949ae40a2ed4432ce96b3ddd0f7fcd9ab95bd,2.twitter.biased,200,data/results/20171217_021815_811949,0.5,data/glove.twitter.27B.200d.txt,1e-08,18,0.689655188438,10,False,"[1, 2]",0.001,max,43,1783,0.001,7.09154939651,0.824773430824,0.69333332777,0.753363262056,0.840921095819,1.04471838474,0.763888895512,0.62857145071,0.689655188438,0.75457476849
relu,0.9,0.999,811949ae40a2ed4432ce96b3ddd0f7fcd9ab95bd,2.twitter.biased,200,data/results/20171217_021828_811949,0.5,data/glove.twitter.27B.200d.txt,1e-08,15,0.67226892712,5,False,"[1, 2, 3]",0.001,max,40,1783,0.001,8.45952606201,0.776954710484,0.599365055561,0.676702485434,0.775927681629,1.24992418289,0.659340679646,0.685714304447,0.67226892712,0.705112422542
relu,0.9,0.999,811949ae40a2ed4432ce96b3ddd0f7fcd9ab95bd,2.twitter.biased,200,data/results/20171217_021845_811949,0.5,data/glove.twitter.27B.200d.txt,1e-08,26,0.686746984383,5,False,"[1, 2, 3, 4]",0.001,max,51,1783,0.001,6.1798915863,0.862583994865,0.733333349228,0.792724776488,0.884127854652,1.05497765541,0.726114630699,0.651428580284,0.686746984383,0.739976999489
relu,0.9,0.999,811949ae40a2ed4432ce96b3ddd0f7fcd9ab95bd,2.twitter.biased,200,data/results/20171217_021902_811949,0.5,data/glove.twitter.27B.200d.txt,1e-08,40,0.664723054214,20,False,"[1, 2]",0.001,max,65,1783,0.001,5.65244817734,0.849650323391,0.771428585052,0.808652212115,0.894217764332,1.08094394207,0.678571403027,0.651428580284,0.664723054214,0.720768875551
relu,0.9,0.999,811949ae40a2ed4432ce96b3ddd0f7fcd9ab95bd,2.twitter.biased,200,data/results/20171217_021916_811949,0.5,data/glove.twitter.27B.200d.txt,1e-08,22,0.708708748217,10,False,"[1, 2, 3]",0.001,max,47,1783,0.001,6.33928871155,0.828181147575,0.731428563595,0.776803793897,0.869986585102,1.02451181412,0.7468354702,0.674285709858,0.708708748217,0.757934163491
relu,0.9,0.999,811949ae40a2ed4432ce96b3ddd0f7fcd9ab95bd,2.twitter.biased,200,data/results/20171217_021933_811949,0.5,data/glove.twitter.27B.200d.txt,1e-08,45,0.706896559182,25,False,"[1, 2]",0.001,max,70,1783,0.001,5.27827119827,0.865017652512,0.777142882347,0.818729104109,0.909527121826,1.07338774204,0.710982680321,0.702857136726,0.706896559182,0.706048365348
relu,0.9,0.999,811949ae40a2ed4432ce96b3ddd0f7fcd9ab95bd,2.twitter.biased,200,data/results/20171217_021948_811949,0.5,data/glove.twitter.27B.200d.txt,1e-08,10,0.698591561479,5,False,"[1, 2, 3, 4, 5]",0.001,max,35,1783,0.001,7.47309207916,0.8140822649,0.653333306313,0.72490311289,0.821201207976,1.1516597271,0.688888907433,0.708571434021,0.698591561479,0.747766253394
relu,0.9,0.999,811949ae40a2ed4432ce96b3ddd0f7fcd9ab95bd,2.twitter.biased,200,data/results/20171217_022004_811949,0.5,data/glove.twitter.27B.200d.txt,1e-08,21,0.694362032807,10,False,"[1, 2, 3, 4]",0.001,max,46,1783,0.001,5.6800236702,0.852377593517,0.762539684772,0.804959796029,0.90067791998,1.01206493378,0.722222208977,0.668571412563,0.694362032807,0.756737245425
relu,0.9,0.999,811949ae40a2ed4432ce96b3ddd0f7fcd9ab95bd,2.twitter.biased,200,data/results/20171217_022017_811949,0.5,data/glove.twitter.27B.200d.txt,1e-08,15,0.703910635347,20,False,"[1, 2, 3]",0.001,max,40,1783,0.001,6.6749382019,0.836166918278,0.686984121799,0.75426977485,0.857646548324,1.06580352783,0.688524603844,0.72000002861,0.703910635347,0.758751206655
relu,0.9,0.999,811949ae40a2ed4432ce96b3ddd0f7fcd9ab95bd,2.twitter.biased,200,data/results/20171217_022031_811949,0.5,data/glove.twitter.27B.200d.txt,1e-08,28,0.728862993522,50,False,"[1, 2]",0.001,max,53,1783,0.001,5.40299320221,0.863023400307,0.772063493729,0.815013396586,0.904747423303,0.985835790634,0.744047641754,0.714285731316,0.728862993522,0.751537439572
relu,0.9,0.999,811949ae40a2ed4432ce96b3ddd0f7fcd9ab95bd,2.twitter.biased,200,data/results/20171217_022045_811949,0.5,data/glove.twitter.27B.200d.txt,1e-08,18,0.69277110724,25,False,"[1, 2, 3]",0.001,max,43,1783,0.001,6.00566244125,0.853550314903,0.732698440552,0.788520693884,0.884563326477,1.01912820339,0.732484102249,0.657142877579,0.69277110724,0.751258564718
relu,0.9,0.999,811949ae40a2ed4432ce96b3ddd0f7fcd9ab95bd,2.twitter.biased,200,data/results/20171217_022100_811949,0.5,data/glove.twitter.27B.200d.txt,1e-08,13,0.693877545211,10,False,"[1, 2, 3, 4, 5]",0.001,max,38,1783,0.001,6.56976890564,0.841860473156,0.689523816109,0.758115219993,0.86270007424,1.04147899151,0.708333313465,0.680000007153,0.693877545211,0.757129034285
relu,0.9,0.999,811949ae40a2ed4432ce96b3ddd0f7fcd9ab95bd,2.twitter.biased,200,data/results/20171217_022115_811949,0.5,data/glove.twitter.27B.200d.txt,1e-08,15,0.705539340627,20,False,"[1, 2, 3, 4]",0.001,max,40,1783,0.001,5.99516487122,0.866466641426,0.733333349228,0.79436040488,0.886651697055,0.993836045265,0.720238089561,0.691428542137,0.705539340627,0.775363335012
relu,0.9,0.999,811949ae40a2ed4432ce96b3ddd0f7fcd9ab95bd,2.twitter.biased,200,data/results/20171217_022127_811949,0.5,data/glove.twitter.27B.200d.txt,1e-08,23,0.723756919504,75,False,"[1, 2]",0.001,max,48,1783,0.001,5.39285612106,0.8711566329,0.755555570126,0.809248550807,0.906662025158,1.0124976635,0.700534760952,0.748571455479,0.723756919504,0.757565586698
relu,0.9,0.999,811949ae40a2ed4432ce96b3ddd0f7fcd9ab95bd,2.twitter.biased,200,data/results/20171217_022145_811949,0.5,data/glove.twitter.27B.200d.txt,1e-08,24,0.684684692294,25,False,"[1, 2, 3, 4]",0.001,max,49,1783,0.001,4.91917228699,0.888335704803,0.793015897274,0.837973818422,0.923052461241,1.01443302631,0.721518993378,0.651428580284,0.684684692294,0.741608573166
relu,0.9,0.999,811949ae40a2ed4432ce96b3ddd0f7fcd9ab95bd,2.twitter.biased,200,data/results/20171217_022201_811949,0.5,data/glove.twitter.27B.200d.txt,1e-08,35,0.716253468169,100,False,"[1, 2]",0.001,max,60,1783,0.001,4.55363798141,0.897058844566,0.813333332539,0.853146832493,0.934223059169,1.07880330086,0.691489338875,0.742857158184,0.716253468169,0.706061049875
relu,0.9,0.999,811949ae40a2ed4432ce96b3ddd0f7fcd9ab95bd,2.twitter.biased,200,data/results/20171217_022213_811949,0.5,data/glove.twitter.27B.200d.txt,1e-08,8,0.699724513644,50,False,"[1, 2, 3]",0.001,max,33,1783,0.001,7.04000139236,0.821874976158,0.667936503887,0.736952731971,0.842881614602,1.06087350845,0.675531923771,0.7257142663,0.699724513644,0.758128747083
relu,0.9,0.999,811949ae40a2ed4432ce96b3ddd0f7fcd9ab95bd,2.twitter.biased,200,data/results/20171217_022229_811949,0.5,data/glove.twitter.27B.200d.txt,1e-08,14,0.70059880533,20,False,"[1, 2, 3, 4, 5]",0.001,max,39,1783,0.001,5.8898396492,0.856828212738,0.740952372551,0.794688460909,0.892159234372,0.988561868668,0.73584908247,0.668571412563,0.70059880533,0.773000948658
relu,0.9,0.999,811949ae40a2ed4432ce96b3ddd0f7fcd9ab95bd,2.twitter.biased,200,data/results/20171217_022243_811949,0.5,data/glove.twitter.27B.200d.txt,1e-08,7,0.696165232761,25,False,"[1, 2, 3, 4, 5]",0.001,max,32,1783,0.001,6.9550485611,0.812686562538,0.691428542137,0.747169792263,0.843982178239,1.04071986675,0.719512224197,0.674285709858,0.696165232761,0.762432516189
relu,0.9,0.999,811949ae40a2ed4432ce96b3ddd0f7fcd9ab95bd,2.twitter.biased,200,data/results/20171217_022254_811949,0.5,data/glove.twitter.27B.200d.txt,1e-08,8,0.71910113394,75,False,"[1, 2, 3]",0.001,max,33,1783,0.001,6.87855672836,0.815829515457,0.680634915829,0.742125265202,0.847432440052,1.04269635677,0.707182347775,0.731428563595,0.71910113394,0.767267002968
relu,0.9,0.999,811949ae40a2ed4432ce96b3ddd0f7fcd9ab95bd,2.twitter.biased,200,data/results/20171217_022309_811949,0.5,data/glove.twitter.27B.200d.txt,1e-08,11,0.705202312953,50,False,"[1, 2, 3, 4]",0.001,max,36,1783,0.001,5.86829471588,0.859431922436,0.749206364155,0.800542758697,0.889570060621,0.998089194298,0.713450312614,0.697142839432,0.705202312953,0.784102288133
relu,0.9,0.999,811949ae40a2ed4432ce96b3ddd0f7fcd9ab95bd,2.twitter.biased,200,data/results/20171217_022324_811949,0.5,data/glove.twitter.27B.200d.txt,1e-08,17,0.72000002861,100,False,"[1, 2, 3]",0.001,max,42,1783,0.001,5.00046205521,0.885211288929,0.798095226288,0.839399031109,0.922535000575,0.967853188515,0.72000002861,0.72000002861,0.72000002861,0.76671175471
relu,0.9,0.999,811949ae40a2ed4432ce96b3ddd0f7fcd9ab95bd,2.twitter.biased,200,data/results/20171217_022340_811949,0.5,data/glove.twitter.27B.200d.txt,1e-08,16,0.732558187031,75,False,"[1, 2, 3, 4]",0.001,max,41,1783,0.001,5.01343345642,0.881895303726,0.791746020317,0.834392754326,0.920120321845,0.96242582798,0.745562136173,0.72000002861,0.732558187031,0.77776120844
relu,0.9,0.999,811949ae40a2ed4432ce96b3ddd0f7fcd9ab95bd,3.yelp.gold,300,data/results/20171217_023652_811949,0.5,data/glove.840B.300d.txt,1e-08,30,0.83996876551,5,False,"[1, 2]",0.001,max,55,9102,0.001,16.3924560547,0.836052834988,0.818406522274,0.827135571649,0.905938984308,2.1376106739,0.839313566685,0.840624988079,0.83996876551,0.904153997268
relu,0.9,0.999,811949ae40a2ed4432ce96b3ddd0f7fcd9ab95bd,3.yelp.gold,300,data/results/20171217_024640_811949,0.5,data/glove.840B.300d.txt,1e-08,22,0.844375979757,10,False,"[1, 2]",0.001,max,47,9102,0.001,15.0326108932,0.850883960724,0.841985166073,0.84641114474,0.923975256197,2.03563833237,0.832826733589,0.856249988079,0.844375979757,0.907047444511
relu,0.9,0.999,811949ae40a2ed4432ce96b3ddd0f7fcd9ab95bd,3.yelp.gold,300,data/results/20171217_025848_811949,0.5,data/glove.840B.300d.txt,1e-08,23,0.861837234748,5,False,"[1, 2, 3]",0.001,max,48,9102,0.001,14.6917295456,0.857418835163,0.84388667345,0.850598936988,0.921833115136,1.95827531815,0.825464963913,0.901562511921,0.861837234748,0.929271462396
relu,0.9,0.999,811949ae40a2ed4432ce96b3ddd0f7fcd9ab95bd,3.yelp.gold,300,data/results/20171217_031441_811949,0.5,data/glove.840B.300d.txt,1e-08,28,0.872192059763,5,False,"[1, 2, 3, 4]",0.001,max,53,9102,0.001,12.6286039352,0.883819043636,0.876592516899,0.880190977547,0.942887278682,1.82240366936,0.86482334137,0.879687488079,0.872192059763,0.936708798031
relu,0.9,0.999,811949ae40a2ed4432ce96b3ddd0f7fcd9ab95bd,3.yelp.gold,300,data/results/20171217_032106_811949,0.5,data/glove.840B.300d.txt,1e-08,5,0.839016709448,20,False,"[1, 2]",0.001,max,30,9102,0.001,16.6326446533,0.82320857048,0.832287490368,0.827723105732,0.902290623891,2.15464758873,0.85185188055,0.826562523842,0.839016709448,0.898711195309
relu,0.9,0.999,811949ae40a2ed4432ce96b3ddd0f7fcd9ab95bd,3.yelp.gold,300,data/results/20171217_032951_811949,0.5,data/glove.840B.300d.txt,1e-08,9,0.854135372443,10,False,"[1, 2, 3]",0.001,max,34,9102,0.001,15.6843471527,0.83295583725,0.839132905006,0.836032961397,0.912877144973,2.03711152077,0.82318842411,0.887499988079,0.854135372443,0.91491664522
relu,0.9,0.999,811949ae40a2ed4432ce96b3ddd0f7fcd9ab95bd,3.yelp.gold,300,data/results/20171217_033812_811949,0.5,data/glove.840B.300d.txt,1e-08,14,0.847305361545,25,False,"[1, 2]",0.001,max,39,9102,0.001,14.4348640442,0.856457471848,0.848640441895,0.852531038264,0.927439217143,2.00869035721,0.813218414783,0.884374976158,0.847305361545,0.906992574635
relu,0.9,0.999,811949ae40a2ed4432ce96b3ddd0f7fcd9ab95bd,3.yelp.gold,300,data/results/20171217_035601_811949,0.5,data/glove.840B.300d.txt,1e-08,26,0.875659380647,5,False,"[1, 2, 3, 4, 5]",0.001,max,51,9102,0.001,11.4352817535,0.896976709366,0.885719716549,0.891312641522,0.954276979022,1.77547037601,0.845705986023,0.907812476158,0.875659380647,0.935965805407
relu,0.9,0.999,811949ae40a2ed4432ce96b3ddd0f7fcd9ab95bd,3.yelp.gold,300,data/results/20171217_041410_811949,0.5,data/glove.840B.300d.txt,1e-08,35,0.869631952272,10,False,"[1, 2, 3, 4]",0.001,max,60,9102,0.001,10.0577812195,0.911414325237,0.901882469654,0.90662334466,0.96516896275,1.71537721157,0.853915691376,0.885937511921,0.869631952272,0.930889813236
relu,0.9,0.999,811949ae40a2ed4432ce96b3ddd0f7fcd9ab95bd,3.yelp.gold,300,data/results/20171217_043232_811949,0.5,data/glove.840B.300d.txt,1e-08,46,0.858638789847,20,False,"[1, 2, 3]",0.001,max,71,9102,0.001,8.81358528137,0.925014317036,0.921848237514,0.923428563467,0.97439371905,1.7964656353,0.823529422283,0.896875023842,0.858638789847,0.921671598353
relu,0.9,0.999,811949ae40a2ed4432ce96b3ddd0f7fcd9ab95bd,3.yelp.gold,300,data/results/20171217_044047_811949,0.5,data/glove.840B.300d.txt,1e-08,11,0.845637588719,50,False,"[1, 2]",0.001,max,36,9102,0.001,14.1129074097,0.858574151993,0.847309350967,0.852904557926,0.931690473348,1.99608302116,0.808844506741,0.885937511921,0.845637588719,0.907182330472
relu,0.9,0.999,811949ae40a2ed4432ce96b3ddd0f7fcd9ab95bd,3.yelp.gold,300,data/results/20171217_045358_811949,0.5,data/glove.840B.300d.txt,1e-08,25,0.858468708085,25,False,"[1, 2, 3]",0.001,max,50,9102,0.001,11.1289749146,0.900461196899,0.891043901443,0.89572779751,0.958209596933,1.77449309826,0.849923431873,0.8671875,0.858468708085,0.928364570792
relu,0.9,0.999,811949ae40a2ed4432ce96b3ddd0f7fcd9ab95bd,3.yelp.gold,300,data/results/20171217_050628_811949,0.5,data/glove.840B.300d.txt,1e-08,10,0.872699358887,10,False,"[1, 2, 3, 4, 5]",0.001,max,35,9102,0.001,12.7031774521,0.880152642727,0.876972794533,0.878559871166,0.942260121655,1.79941427708,0.85692769289,0.889062523842,0.872699358887,0.934077721001
relu,0.9,0.999,811949ae40a2ed4432ce96b3ddd0f7fcd9ab95bd,3.yelp.gold,300,data/results/20171217_051954_811949,0.5,data/glove.840B.300d.txt,1e-08,18,0.87692308251,20,False,"[1, 2, 3, 4]",0.001,max,43,9102,0.001,11.8741350174,0.888464450836,0.884578824043,0.886517379761,0.950984530659,1.71632814407,0.863636374474,0.890625,0.87692308251,0.937751591782
relu,0.9,0.999,811949ae40a2ed4432ce96b3ddd0f7fcd9ab95bd,3.yelp.gold,300,data/results/20171217_052829_811949,0.5,data/glove.840B.300d.txt,1e-08,10,0.850190114009,75,False,"[1, 2]",0.001,max,35,9102,0.001,13.8978395462,0.862504780293,0.856436610222,0.859459954593,0.934165866197,2.00059342384,0.828148126602,0.873437523842,0.850190114009,0.904914022338
relu,0.9,0.999,811949ae40a2ed4432ce96b3ddd0f7fcd9ab95bd,3.yelp.gold,300,data/results/20171217_054309_811949,0.5,data/glove.840B.300d.txt,1e-08,21,0.880789661868,25,False,"[1, 2, 3, 4]",0.001,max,46,9102,0.001,10.4339046478,0.903300106525,0.895227253437,0.899245562115,0.963508954057,1.69113147259,0.856720805168,0.90625,0.880789661868,0.933779573724
relu,0.9,0.999,811949ae40a2ed4432ce96b3ddd0f7fcd9ab95bd,3.yelp.gold,300,data/results/20171217_055147_811949,0.5,data/glove.840B.300d.txt,1e-08,9,0.854166722081,100,False,"[1, 2]",0.001,max,34,9102,0.001,14.2304334641,0.855476975441,0.850922226906,0.853193522369,0.930347884865,1.98246240616,0.815340936184,0.896875023842,0.854166722081,0.910480499749
relu,0.9,0.999,811949ae40a2ed4432ce96b3ddd0f7fcd9ab95bd,3.yelp.gold,300,data/results/20171217_060414_811949,0.5,data/glove.840B.300d.txt,1e-08,18,0.859728495253,50,False,"[1, 2, 3]",0.001,max,43,9102,0.001,11.2181463242,0.89636015892,0.889712870121,0.893024174602,0.956108624723,1.80786991119,0.830903768539,0.890625,0.859728495253,0.920076572561
relu,0.9,0.999,811949ae40a2ed4432ce96b3ddd0f7fcd9ab95bd,3.yelp.gold,300,data/results/20171217_061943_811949,0.5,data/glove.840B.300d.txt,1e-08,17,0.880531009957,20,False,"[1, 2, 3, 4, 5]",0.001,max,42,9102,0.001,10.4489088058,0.902438998222,0.900551438332,0.901494230229,0.962059221494,1.69291400909,0.833798885345,0.932812511921,0.880531009957,0.937466874545
relu,0.9,0.999,811949ae40a2ed4432ce96b3ddd0f7fcd9ab95bd,3.yelp.gold,300,data/results/20171217_063045_811949,0.5,data/glove.840B.300d.txt,1e-08,4,0.874715265216,25,False,"[1, 2, 3, 4, 5]",0.001,max,29,9102,0.001,13.6830453873,0.865395605564,0.863091826439,0.864242150927,0.932722459439,1.77998256683,0.85081243515,0.899999976158,0.874715265216,0.937215667713
relu,0.9,0.999,811949ae40a2ed4432ce96b3ddd0f7fcd9ab95bd,3.yelp.gold,300,data/results/20171217_064141_811949,0.5,data/glove.840B.300d.txt,1e-08,9,0.85905044359,75,False,"[1, 2, 3]",0.001,max,34,9102,0.001,12.9284305573,0.872985780239,0.87564176321,0.874311754644,0.940672578497,1.8100656271,0.817796587944,0.904687523842,0.85905044359,0.931342295201
relu,0.9,0.999,811949ae40a2ed4432ce96b3ddd0f7fcd9ab95bd,3.yelp.gold,300,data/results/20171217_065328_811949,0.5,data/glove.840B.300d.txt,1e-08,8,0.878943523236,50,False,"[1, 2, 3, 4]",0.001,max,33,9102,0.001,12.4778060913,0.881043016911,0.880205333233,0.880623975862,0.945775544863,1.75978302956,0.82849240303,0.935937523842,0.878943523236,0.938900926813
relu,0.9,0.999,811949ae40a2ed4432ce96b3ddd0f7fcd9ab95bd,3.yelp.gold,300,data/results/20171217_070858_811949,0.5,data/glove.840B.300d.txt,1e-08,22,0.865151534834,100,False,"[1, 2, 3]",0.001,max,47,9102,0.001,10.0070695877,0.910700678825,0.909488499165,0.910094155559,0.966383543502,1.74235761166,0.839705884457,0.892187476158,0.865151534834,0.924257238702
relu,0.9,0.999,811949ae40a2ed4432ce96b3ddd0f7fcd9ab95bd,3.yelp.gold,300,data/results/20171217_072342_811949,0.5,data/glove.840B.300d.txt,1e-08,12,0.880059972992,75,False,"[1, 2, 3, 4]",0.001,max,37,9102,0.001,11.537361145,0.896917164326,0.885149240494,0.890994377309,0.955242807323,1.6868917942,0.845821321011,0.917187511921,0.880059972992,0.935766039734
relu,0.9,0.999,811949ae40a2ed4432ce96b3ddd0f7fcd9ab95bd,4.yelp.silver,300,data/results/20171217_073409_811949,0.5,data/glove.840B.300d.txt,1e-08,16,0.806930724128,5,False,"[1, 2]",0.001,max,41,9066,0.001,16.4792175293,0.832375466824,0.818421542645,0.825339529585,0.906823742375,2.24179887772,0.786173641682,0.828813552856,0.806930724128,0.867070234519
relu,0.9,0.999,811949ae40a2ed4432ce96b3ddd0f7fcd9ab95bd,4.yelp.silver,300,data/results/20171217_074636_811949,0.5,data/glove.840B.300d.txt,1e-08,35,0.821052587969,10,False,"[1, 2]",0.001,max,60,9066,0.001,13.6013326645,0.8733959198,0.858918845654,0.866096859972,0.938034962735,2.07273364067,0.786046504974,0.859322011471,0.821052587969,0.880884557336
relu,0.9,0.999,811949ae40a2ed4432ce96b3ddd0f7fcd9ab95bd,4.yelp.silver,300,data/results/20171217_075830_811949,0.5,data/glove.840B.300d.txt,1e-08,22,0.830494701099,5,False,"[1, 2, 3]",0.001,max,47,9066,0.001,14.3742389679,0.858605027199,0.853268027306,0.855928207836,0.925588599566,2.08059167862,0.79626750946,0.867796599865,0.830494701099,0.886072598902
relu,0.9,0.999,811949ae40a2ed4432ce96b3ddd0f7fcd9ab95bd,4.yelp.silver,300,data/results/20171217_081517_811949,0.5,data/glove.840B.300d.txt,1e-08,31,0.828282822216,5,False,"[1, 2, 3, 4]",0.001,max,56,9066,0.001,11.6142597198,0.892020583153,0.882275402546,0.88712120073,0.955141685842,1.95569550991,0.822742462158,0.833898305893,0.828282822216,0.893459544161
relu,0.9,0.999,811949ae40a2ed4432ce96b3ddd0f7fcd9ab95bd,4.yelp.silver,300,data/results/20171217_082335_811949,0.5,data/glove.840B.300d.txt,1e-08,14,0.822095846466,20,False,"[1, 2]",0.001,max,39,9066,0.001,14.5824584961,0.853212714195,0.852891325951,0.853051989802,0.930592673883,2.1072499752,0.789391577244,0.857627093792,0.822095846466,0.882554810167
relu,0.9,0.999,811949ae40a2ed4432ce96b3ddd0f7fcd9ab95bd,4.yelp.silver,300,data/results/20171217_084050_811949,0.5,data/glove.840B.300d.txt,1e-08,43,0.835820878478,10,False,"[1, 2, 3]",0.001,max,68,9066,0.001,10.2474689484,0.905076444149,0.903371632099,0.904223234567,0.965832609874,1.90377342701,0.818181812763,0.854237258434,0.835820878478,0.901469054033
relu,0.9,0.999,811949ae40a2ed4432ce96b3ddd0f7fcd9ab95bd,4.yelp.silver,300,data/results/20171217_084809_811949,0.5,data/glove.840B.300d.txt,1e-08,9,0.812254516716,25,False,"[1, 2]",0.001,max,34,9066,0.001,15.8449878693,0.840761899948,0.831418335438,0.836064043192,0.915769689528,2.17925810814,0.756954610348,0.876271188259,0.812254516716,0.868167103718
relu,0.9,0.999,811949ae40a2ed4432ce96b3ddd0f7fcd9ab95bd,4.yelp.silver,300,data/results/20171217_091128_811949,0.5,data/glove.840B.300d.txt,1e-08,42,0.846832396155,5,False,"[1, 2, 3, 4, 5]",0.001,max,67,9066,0.001,8.81341171265,0.927708566189,0.925786375999,0.926746504181,0.973462286371,1.90340662003,0.803652942181,0.894915282726,0.846832396155,0.902770496737
relu,0.9,0.999,811949ae40a2ed4432ce96b3ddd0f7fcd9ab95bd,4.yelp.silver,300,data/results/20171217_092945_811949,0.5,data/glove.840B.300d.txt,1e-08,35,0.836158172344,10,False,"[1, 2, 3, 4]",0.001,max,60,9066,0.001,10.3347797394,0.904403448105,0.905255198479,0.904829122845,0.96387694931,1.92071127892,0.798151016235,0.877966105938,0.836158172344,0.893736310916
relu,0.9,0.999,811949ae40a2ed4432ce96b3ddd0f7fcd9ab95bd,4.yelp.silver,300,data/results/20171217_094433_811949,0.5,data/glove.840B.300d.txt,1e-08,32,0.834130749382,20,False,"[1, 2, 3]",0.001,max,57,9066,0.001,10.4719982147,0.907867312431,0.902053117752,0.904950876322,0.963523219742,1.93512439728,0.787650585175,0.886440694332,0.834130749382,0.892705196814
relu,0.9,0.999,811949ae40a2ed4432ce96b3ddd0f7fcd9ab95bd,4.yelp.silver,300,data/results/20171217_095236_811949,0.5,data/glove.840B.300d.txt,1e-08,10,0.826513896885,50,False,"[1, 2]",0.001,max,35,9066,0.001,14.0621442795,0.86423522234,0.852514624596,0.858334884223,0.932964500327,2.06748723984,0.799050629139,0.855932176113,0.826513896885,0.884046453253
relu,0.9,0.999,811949ae40a2ed4432ce96b3ddd0f7fcd9ab95bd,4.yelp.silver,300,data/results/20171217_100531_811949,0.5,data/glove.840B.300d.txt,1e-08,24,0.832128473748,25,False,"[1, 2, 3]",0.001,max,49,9066,0.001,11.5848560333,0.897742390633,0.891316652298,0.894517981848,0.953244778252,1.96761775017,0.790839672089,0.877966105938,0.832128473748,0.885664023896
relu,0.9,0.999,811949ae40a2ed4432ce96b3ddd0f7fcd9ab95bd,4.yelp.silver,300,data/results/20171217_102250_811949,0.5,data/glove.840B.300d.txt,1e-08,24,0.847649923017,10,False,"[1, 2, 3, 4, 5]",0.001,max,49,9066,0.001,9.77561473846,0.911378145218,0.914296448231,0.912834994103,0.967800467756,1.86128687859,0.812111794949,0.886440694332,0.847649923017,0.903779024192
relu,0.9,0.999,811949ae40a2ed4432ce96b3ddd0f7fcd9ab95bd,4.yelp.silver,300,data/results/20171217_103425_811949,0.5,data/glove.840B.300d.txt,1e-08,12,0.837837835416,20,False,"[1, 2, 3, 4]",0.001,max,37,9066,0.001,12.5155601501,0.881268978119,0.873799204826,0.877518195363,0.945695746939,1.94741511345,0.788922131062,0.893220365047,0.837837835416,0.890966456766
relu,0.9,0.999,811949ae40a2ed4432ce96b3ddd0f7fcd9ab95bd,4.yelp.silver,300,data/results/20171217_104441_811949,0.5,data/glove.840B.300d.txt,1e-08,17,0.830219282341,75,False,"[1, 2]",0.001,max,42,9066,0.001,12.7284393311,0.88037276268,0.871915638447,0.876123821924,0.945728159622,2.02294278145,0.797191858292,0.866101682186,0.830219282341,0.885534290433
relu,0.9,0.999,811949ae40a2ed4432ce96b3ddd0f7fcd9ab95bd,4.yelp.silver,300,data/results/20171217_110247_811949,0.5,data/glove.840B.300d.txt,1e-08,32,0.838866393001,25,False,"[1, 2, 3, 4]",0.001,max,57,9066,0.001,8.75330734253,0.928368389606,0.92277264595,0.92556209,0.974695151693,1.89817523956,0.803100764751,0.877966105938,0.838866393001,0.898574653965
relu,0.9,0.999,811949ae40a2ed4432ce96b3ddd0f7fcd9ab95bd,4.yelp.silver,300,data/results/20171217_111525_811949,0.5,data/glove.840B.300d.txt,1e-08,25,0.821487644691,100,False,"[1, 2]",0.001,max,50,9066,0.001,10.5447692871,0.905538678169,0.89922773838,0.902372174171,0.96346781175,1.99551582336,0.801612913609,0.842372894287,0.821487644691,0.881592656131
relu,0.9,0.999,811949ae40a2ed4432ce96b3ddd0f7fcd9ab95bd,4.yelp.silver,300,data/results/20171217_112719_811949,0.5,data/glove.840B.300d.txt,1e-08,16,0.841181153907,50,False,"[1, 2, 3]",0.001,max,41,9066,0.001,11.4860715866,0.894091010094,0.892070055008,0.893079389244,0.956358867284,1.92024755478,0.794871807098,0.893220365047,0.841181153907,0.885677541535
relu,0.9,0.999,811949ae40a2ed4432ce96b3ddd0f7fcd9ab95bd,4.yelp.silver,300,data/results/20171217_115101_811949,0.5,data/glove.840B.300d.txt,1e-08,40,0.839933979314,20,False,"[1, 2, 3, 4, 5]",0.001,max,65,9066,0.001,4.89082050323,0.969851136208,0.969485759735,0.969668413552,0.99359994245,1.88259994984,0.818327963352,0.862711846828,0.839933979314,0.899520170044
relu,0.9,0.999,811949ae40a2ed4432ce96b3ddd0f7fcd9ab95bd,4.yelp.silver,300,data/results/20171217_120906_811949,0.5,data/glove.840B.300d.txt,1e-08,23,0.839840608605,25,False,"[1, 2, 3, 4, 5]",0.001,max,48,9066,0.001,8.59588813782,0.923539340496,0.925974786282,0.924755459888,0.975235234873,1.84669196606,0.792481184006,0.893220365047,0.839840608605,0.906962770901
relu,0.9,0.999,811949ae40a2ed4432ce96b3ddd0f7fcd9ab95bd,4.yelp.silver,300,data/results/20171217_122314_811949,0.5,data/glove.840B.300d.txt,1e-08,19,0.83834278029,75,False,"[1, 2, 3]",0.001,max,44,9066,0.001,10.4612493515,0.903903901577,0.907138824463,0.905518444074,0.963636161985,1.88692200184,0.804992198944,0.87457627058,0.83834278029,0.887124816121
relu,0.9,0.999,811949ae40a2ed4432ce96b3ddd0f7fcd9ab95bd,4.yelp.silver,300,data/results/20171217_123915_811949,0.5,data/glove.840B.300d.txt,1e-08,20,0.84218874063,50,False,"[1, 2, 3, 4]",0.001,max,45,9066,0.001,9.8498210907,0.912672877312,0.907515525818,0.910086895103,0.967845965731,1.89505362511,0.79135620594,0.899999976158,0.84218874063,0.901571684773
relu,0.9,0.999,811949ae40a2ed4432ce96b3ddd0f7fcd9ab95bd,4.yelp.silver,300,data/results/20171217_125017_811949,0.5,data/glove.840B.300d.txt,1e-08,8,0.838033829946,100,False,"[1, 2, 3]",0.001,max,33,9066,0.001,12.6481962204,0.878012061119,0.878508210182,0.878260065579,0.944736249656,1.94133448601,0.79877114296,0.881355941296,0.838033829946,0.890467528405
relu,0.9,0.999,811949ae40a2ed4432ce96b3ddd0f7fcd9ab95bd,4.yelp.silver,300,data/results/20171217_131056_811949,0.5,data/glove.840B.300d.txt,1e-08,27,0.844480251587,75,False,"[1, 2, 3, 4]",0.001,max,52,9066,0.001,7.34675264359,0.939565598965,0.937087953091,0.938325140476,0.983091312022,1.87719547749,0.804915487766,0.888135612011,0.844480251587,0.894860808664
relu,0.9,0.999,811949ae40a2ed4432ce96b3ddd0f7fcd9ab95bd,5.yelp.biased,300,data/results/20171217_132430_811949,0.5,data/glove.840B.300d.txt,1e-08,38,0.818327971104,5,False,"[1, 2]",0.001,max,63,8581,0.001,16.5192890167,0.824910104275,0.820870220661,0.822885204133,0.901079891814,2.33033418655,0.778287470341,0.862711846828,0.818327971104,0.877458371645
relu,0.9,0.999,811949ae40a2ed4432ce96b3ddd0f7fcd9ab95bd,5.yelp.biased,300,data/results/20171217_133403_811949,0.5,data/glove.840B.300d.txt,1e-08,25,0.838392120394,10,False,"[1, 2]",0.001,max,50,8581,0.001,14.5786905289,0.855350673199,0.847617268562,0.851466441471,0.925305194441,2.19900846481,0.812400639057,0.866101682186,0.838392120394,0.886992795936
relu,0.9,0.999,811949ae40a2ed4432ce96b3ddd0f7fcd9ab95bd,5.yelp.biased,300,data/results/20171217_134444_811949,0.5,data/glove.840B.300d.txt,1e-08,21,0.855745706972,5,False,"[1, 2, 3]",0.001,max,46,8581,0.001,14.1652460098,0.864471673965,0.850630998611,0.857495489983,0.931455456266,2.12071013451,0.824175834656,0.88983052969,0.855745706972,0.898346612642
relu,0.9,0.999,811949ae40a2ed4432ce96b3ddd0f7fcd9ab95bd,5.yelp.biased,300,data/results/20171217_135621_811949,0.5,data/glove.840B.300d.txt,1e-08,17,0.855012439788,5,False,"[1, 2, 3, 4]",0.001,max,42,8581,0.001,13.4847402573,0.866578102112,0.860048949718,0.863301151284,0.937448436603,2.01936554909,0.836304724216,0.87457627058,0.855012439788,0.908714591752
relu,0.9,0.999,811949ae40a2ed4432ce96b3ddd0f7fcd9ab95bd,5.yelp.biased,300,data/results/20171217_140527_811949,0.5,data/glove.840B.300d.txt,1e-08,22,0.832659666701,20,False,"[1, 2]",0.001,max,47,8581,0.001,13.4212598801,0.869606733322,0.857977032661,0.863752738743,0.938973305193,2.23672032356,0.79598146677,0.872881352901,0.832659666701,0.876973483614
relu,0.9,0.999,811949ae40a2ed4432ce96b3ddd0f7fcd9ab95bd,5.yelp.biased,300,data/results/20171217_141817_811949,0.5,data/glove.840B.300d.txt,1e-08,30,0.852272767358,10,False,"[1, 2, 3]",0.001,max,55,8581,0.001,12.0747041702,0.885600447655,0.879261612892,0.882419646713,0.950915847136,2.04311466217,0.81775701046,0.88983052969,0.852272767358,0.893202552538
relu,0.9,0.999,811949ae40a2ed4432ce96b3ddd0f7fcd9ab95bd,5.yelp.biased,300,data/results/20171217_142803_811949,0.5,data/glove.840B.300d.txt,1e-08,25,0.833471435421,25,False,"[1, 2]",0.001,max,50,8581,0.001,11.9527397156,0.884717464447,0.878884911537,0.881791543337,0.952543521077,2.11657071114,0.81523501873,0.85254240036,0.833471435421,0.886675203085
relu,0.9,0.999,811949ae40a2ed4432ce96b3ddd0f7fcd9ab95bd,5.yelp.biased,300,data/results/20171217_143923_811949,0.5,data/glove.840B.300d.txt,1e-08,10,0.865622422121,5,False,"[1, 2, 3, 4, 5]",0.001,max,35,8581,0.001,13.6348934174,0.867971122265,0.860614061356,0.864276905752,0.932391332915,2.01465749741,0.842696607113,0.88983052969,0.865622422121,0.90873615486
relu,0.9,0.999,811949ae40a2ed4432ce96b3ddd0f7fcd9ab95bd,5.yelp.biased,300,data/results/20171217_145002_811949,0.5,data/glove.840B.300d.txt,1e-08,13,0.867213120306,10,False,"[1, 2, 3, 4]",0.001,max,38,8581,0.001,13.0339794159,0.873954355717,0.865888118744,0.869902568736,0.940706656903,1.97956705093,0.839682519436,0.8966101408,0.867213120306,0.912644249524
relu,0.9,0.999,811949ae40a2ed4432ce96b3ddd0f7fcd9ab95bd,5.yelp.biased,300,data/results/20171217_150616_811949,0.5,data/glove.840B.300d.txt,1e-08,43,0.855999964996,20,False,"[1, 2, 3]",0.001,max,68,8581,0.001,8.13566493988,0.929688990116,0.928988516331,0.929338621231,0.979204238917,1.91475951672,0.810606062412,0.906779646873,0.855999964996,0.90744442116
relu,0.9,0.999,811949ae40a2ed4432ce96b3ddd0f7fcd9ab95bd,5.yelp.biased,300,data/results/20171217_151632_811949,0.5,data/glove.840B.300d.txt,1e-08,24,0.838866393001,50,False,"[1, 2]",0.001,max,49,8581,0.001,11.4848432541,0.894937217236,0.88566583395,0.890277388111,0.955940494504,2.10099291801,0.803100764751,0.877966105938,0.838866393001,0.889351896312
relu,0.9,0.999,811949ae40a2ed4432ce96b3ddd0f7fcd9ab95bd,5.yelp.biased,300,data/results/20171217_152949_811949,0.5,data/glove.840B.300d.txt,1e-08,30,0.862650607706,25,False,"[1, 2, 3]",0.001,max,55,8581,0.001,10.1879806519,0.909108161926,0.902429819107,0.905756680462,0.96417752422,1.96218776703,0.819847345352,0.910169482231,0.862650607706,0.900285820812
relu,0.9,0.999,811949ae40a2ed4432ce96b3ddd0f7fcd9ab95bd,5.yelp.biased,300,data/results/20171217_154214_811949,0.5,data/glove.840B.300d.txt,1e-08,13,0.87438822071,10,False,"[1, 2, 3, 4, 5]",0.001,max,38,8581,0.001,11.8868284225,0.883883118629,0.883217155933,0.883549981989,0.949866618503,1.86142838001,0.842767298222,0.908474564552,0.87438822071,0.921631856935
relu,0.9,0.999,811949ae40a2ed4432ce96b3ddd0f7fcd9ab95bd,5.yelp.biased,300,data/results/20171217_155557_811949,0.5,data/glove.840B.300d.txt,1e-08,23,0.871205903687,20,False,"[1, 2, 3, 4]",0.001,max,48,8581,0.001,9.79258060455,0.909605562687,0.907892286777,0.908748117217,0.968742300247,1.80944561958,0.844197154045,0.899999976158,0.871205903687,0.923880378242
relu,0.9,0.999,811949ae40a2ed4432ce96b3ddd0f7fcd9ab95bd,5.yelp.biased,300,data/results/20171217_160655_811949,0.5,data/glove.840B.300d.txt,1e-08,24,0.850406505141,75,False,"[1, 2]",0.001,max,49,8581,0.001,10.826997757,0.90011370182,0.894518733025,0.89730749595,0.961350512161,2.03923034668,0.817187488079,0.886440694332,0.850406505141,0.899721469264
relu,0.9,0.999,811949ae40a2ed4432ce96b3ddd0f7fcd9ab95bd,5.yelp.biased,300,data/results/20171217_161806_811949,0.5,data/glove.840B.300d.txt,1e-08,13,0.872785827359,25,False,"[1, 2, 3, 4]",0.001,max,38,8581,0.001,11.6172409058,0.891119122505,0.886419296265,0.888762996195,0.953333834842,1.86859357357,0.831288337708,0.918644070625,0.872785827359,0.920596865103
relu,0.9,0.999,811949ae40a2ed4432ce96b3ddd0f7fcd9ab95bd,5.yelp.biased,300,data/results/20171217_162723_811949,0.5,data/glove.840B.300d.txt,1e-08,15,0.852848085851,100,False,"[1, 2]",0.001,max,40,8581,0.001,12.403336525,0.88167142868,0.874364316463,0.878002639808,0.948247383071,2.0713095665,0.799703240395,0.913559317589,0.852848085851,0.899904006417
relu,0.9,0.999,811949ae40a2ed4432ce96b3ddd0f7fcd9ab95bd,5.yelp.biased,300,data/results/20171217_163614_811949,0.5,data/glove.840B.300d.txt,1e-08,8,0.861290307822,50,False,"[1, 2, 3]",0.001,max,33,8581,0.001,13.1984586716,0.868198096752,0.868525147438,0.868361621103,0.93924679858,2.00858592987,0.821538448334,0.905084729195,0.861290307822,0.909534541159
relu,0.9,0.999,811949ae40a2ed4432ce96b3ddd0f7fcd9ab95bd,5.yelp.biased,300,data/results/20171217_164728_811949,0.5,data/glove.840B.300d.txt,1e-08,8,0.876623345645,20,False,"[1, 2, 3, 4, 5]",0.001,max,33,8581,0.001,12.5810747147,0.883637070656,0.876812934875,0.880211776366,0.943074117184,1.92040610313,0.84112149477,0.915254235268,0.876623345645,0.92005013435
relu,0.9,0.999,811949ae40a2ed4432ce96b3ddd0f7fcd9ab95bd,5.yelp.biased,300,data/results/20171217_170021_811949,0.5,data/glove.840B.300d.txt,1e-08,12,0.873469419279,25,False,"[1, 2, 3, 4, 5]",0.001,max,37,8581,0.001,10.8978452682,0.898190021515,0.897344112396,0.897766867694,0.95765008223,1.82261180878,0.842519700527,0.906779646873,0.873469419279,0.923487069752
relu,0.9,0.999,811949ae40a2ed4432ce96b3ddd0f7fcd9ab95bd,5.yelp.biased,300,data/results/20171217_171318_811949,0.5,data/glove.840B.300d.txt,1e-08,19,0.861313872317,75,False,"[1, 2, 3]",0.001,max,44,8581,0.001,10.216091156,0.90387159586,0.90148806572,0.902678287161,0.964293276233,1.89956390858,0.825816512108,0.899999976158,0.861313872317,0.891543792179
relu,0.9,0.999,811949ae40a2ed4432ce96b3ddd0f7fcd9ab95bd,5.yelp.biased,300,data/results/20171217_172411_811949,0.5,data/glove.840B.300d.txt,1e-08,8,0.870759331006,50,False,"[1, 2, 3, 4]",0.001,max,33,8581,0.001,12.307343483,0.882621109486,0.875306069851,0.878948370094,0.94581396316,1.9220161438,0.831790149212,0.913559317589,0.870759331006,0.915284113276
relu,0.9,0.999,811949ae40a2ed4432ce96b3ddd0f7fcd9ab95bd,5.yelp.biased,300,data/results/20171217_173440_811949,0.5,data/glove.840B.300d.txt,1e-08,9,0.858490548314,100,False,"[1, 2, 3]",0.001,max,34,8581,0.001,12.3940544128,0.882487177849,0.874175906181,0.878311880522,0.947236499795,1.98103046417,0.800586521626,0.925423741341,0.858490548314,0.910874911323
relu,0.9,0.999,811949ae40a2ed4432ce96b3ddd0f7fcd9ab95bd,5.yelp.biased,300,data/results/20171217_174608_811949,0.5,data/glove.840B.300d.txt,1e-08,6,0.868785686883,75,False,"[1, 2, 3, 4]",0.001,max,31,8581,0.001,12.8349523544,0.873396217823,0.871915638447,0.872655300134,0.941419715882,1.91704368591,0.836734712124,0.903389811516,0.868785686883,0.913908159025
relu,0.9,0.999,811949ae40a2ed4432ce96b3ddd0f7fcd9ab95bd,0.twitter.gold,200,data/results/20171217_174719_811949,0.5,data/glove.twitter.27B.200d.txt,1e-08,11,0.712074308639,50,False,"[1, 2, 3, 4, 5]",0.001,max,36,2063,0.001,5.75648212433,0.853924393654,0.746031761169,0.796340221427,0.894189707199,1.08176374435,0.777027010918,0.657142877579,0.712074308639,0.784277877898
relu,0.9,0.999,811949ae40a2ed4432ce96b3ddd0f7fcd9ab95bd,0.twitter.gold,200,data/results/20171217_174740_811949,0.5,data/glove.twitter.27B.200d.txt,1e-08,18,0.693641630636,100,False,"[1, 2, 3, 4]",0.001,max,43,2063,0.001,4.60057497025,0.90786677599,0.813333332539,0.858004024934,0.934860504083,1.14338850975,0.701754391193,0.685714304447,0.693641630636,0.786760418002
relu,0.9,0.999,811949ae40a2ed4432ce96b3ddd0f7fcd9ab95bd,0.twitter.gold,200,data/results/20171217_174802_811949,0.5,data/glove.twitter.27B.200d.txt,1e-08,16,0.711656417518,75,False,"[1, 2, 3, 4, 5]",0.001,max,41,2063,0.001,4.6859164238,0.893305420876,0.813333332539,0.851445624456,0.931354082966,1.08674836159,0.768211901188,0.662857115269,0.711656417518,0.801191914257
relu,0.9,0.999,811949ae40a2ed4432ce96b3ddd0f7fcd9ab95bd,0.twitter.gold,200,data/results/20171217_174825_811949,0.5,data/glove.twitter.27B.200d.txt,1e-08,14,0.714733585268,100,False,"[1, 2, 3, 4, 5]",0.001,max,39,2063,0.001,4.98631095886,0.876237630844,0.786666691303,0.829039859213,0.920911503284,1.102648139,0.791666686535,0.651428580284,0.714733585268,0.803224793423
relu,0.9,0.999,811949ae40a2ed4432ce96b3ddd0f7fcd9ab95bd,1.twitter.silver,200,data/results/20171217_174937_811949,0.5,data/glove.twitter.27B.200d.txt,1e-08,15,0.690690736799,50,False,"[1, 2, 3, 4, 5]",0.001,max,40,2081,0.001,5.02621889114,0.883439958096,0.789206326008,0.833668672454,0.917875918829,1.21085619926,0.727848112583,0.657142877579,0.690690736799,0.766174492393
relu,0.9,0.999,811949ae40a2ed4432ce96b3ddd0f7fcd9ab95bd,1.twitter.silver,200,data/results/20171217_174953_811949,0.5,data/glove.twitter.27B.200d.txt,1e-08,7,0.694362032807,100,False,"[1, 2, 3, 4]",0.001,max,32,2081,0.001,6.27336883545,0.830791592598,0.726349234581,0.775067774022,0.870235765325,1.1836912632,0.722222208977,0.668571412563,0.694362032807,0.767855759197
relu,0.9,0.999,811949ae40a2ed4432ce96b3ddd0f7fcd9ab95bd,1.twitter.silver,200,data/results/20171217_175010_811949,0.5,data/glove.twitter.27B.200d.txt,1e-08,5,0.696428583314,75,False,"[1, 2, 3, 4, 5]",0.001,max,30,2081,0.001,6.8355846405,0.805992484093,0.683174610138,0.739518893786,0.84476565367,1.15979707241,0.726708054543,0.668571412563,0.696428583314,0.766046281304
relu,0.9,0.999,811949ae40a2ed4432ce96b3ddd0f7fcd9ab95bd,1.twitter.silver,200,data/results/20171217_175028_811949,0.5,data/glove.twitter.27B.200d.txt,1e-08,4,0.702702703712,100,False,"[1, 2, 3, 4, 5]",0.001,max,29,2081,0.001,7.2814655304,0.799537420273,0.658412694931,0.722144855425,0.823260795815,1.24144470692,0.740506350994,0.668571412563,0.702702703712,0.771242266397
relu,0.9,0.999,811949ae40a2ed4432ce96b3ddd0f7fcd9ab95bd,2.twitter.biased,200,data/results/20171217_175137_811949,0.5,data/glove.twitter.27B.200d.txt,1e-08,18,0.710982654801,50,False,"[1, 2, 3, 4, 5]",0.001,max,43,1783,0.001,4.7848534584,0.890056014061,0.806984126568,0.846486872213,0.929436538588,0.949340105057,0.719298243523,0.702857136726,0.710982654801,0.78303788986
relu,0.9,0.999,811949ae40a2ed4432ce96b3ddd0f7fcd9ab95bd,2.twitter.biased,200,data/results/20171217_175157_811949,0.5,data/glove.twitter.27B.200d.txt,1e-08,20,0.719298251935,100,False,"[1, 2, 3, 4]",0.001,max,45,1783,0.001,4.41657114029,0.909916222095,0.827301561832,0.866644491716,0.942815468988,0.938402235508,0.736526966095,0.702857136726,0.719298251935,0.778022256969
relu,0.9,0.999,811949ae40a2ed4432ce96b3ddd0f7fcd9ab95bd,2.twitter.biased,200,data/results/20171217_175219_811949,0.5,data/glove.twitter.27B.200d.txt,1e-08,22,0.72891567456,75,False,"[1, 2, 3, 4, 5]",0.001,max,47,1783,0.001,4.10691976547,0.906420767307,0.842539668083,0.873313553526,0.948481547292,0.93045425415,0.770700633526,0.691428542137,0.72891567456,0.773944830914
relu,0.9,0.999,811949ae40a2ed4432ce96b3ddd0f7fcd9ab95bd,2.twitter.biased,200,data/results/20171217_175240_811949,0.5,data/glove.twitter.27B.200d.txt,1e-08,13,0.727793678679,100,False,"[1, 2, 3, 4, 5]",0.001,max,38,1783,0.001,5.00342798233,0.876230657101,0.791111111641,0.831498193075,0.920833024507,0.938625812531,0.729885041714,0.7257142663,0.727793678679,0.778510877832
relu,0.9,0.999,811949ae40a2ed4432ce96b3ddd0f7fcd9ab95bd,3.yelp.gold,300,data/results/20171217_180912_811949,0.5,data/glove.840B.300d.txt,1e-08,9,0.882440479705,50,False,"[1, 2, 3, 4, 5]",0.001,max,34,9102,0.001,11.7687282562,0.892584085464,0.88800150156,0.890286926357,0.951826538381,1.72297406197,0.84232956171,0.926562488079,0.882440479705,0.934597816425
relu,0.9,0.999,811949ae40a2ed4432ce96b3ddd0f7fcd9ab95bd,3.yelp.gold,300,data/results/20171217_182332_811949,0.5,data/glove.840B.300d.txt,1e-08,9,0.875748463203,100,False,"[1, 2, 3, 4]",0.001,max,34,9102,0.001,11.8215236664,0.890627980232,0.887240946293,0.888931207126,0.951942706261,1.71525144577,0.840517222881,0.9140625,0.875748463203,0.932191756191
relu,0.9,0.999,811949ae40a2ed4432ce96b3ddd0f7fcd9ab95bd,3.yelp.gold,300,data/results/20171217_184205_811949,0.5,data/glove.840B.300d.txt,1e-08,13,0.88012137642,75,False,"[1, 2, 3, 4, 5]",0.001,max,38,9102,0.001,9.91073894501,0.911377906799,0.909298360348,0.910336916159,0.965865503502,1.65533030033,0.855457246304,0.90625,0.88012137642,0.933343125809
relu,0.9,0.999,811949ae40a2ed4432ce96b3ddd0f7fcd9ab95bd,3.yelp.gold,300,data/results/20171217_190010_811949,0.5,data/glove.840B.300d.txt,1e-08,10,0.881278583909,100,False,"[1, 2, 3, 4, 5]",0.001,max,35,9102,0.001,10.5662078857,0.902764558792,0.900361299515,0.901561327586,0.960727358816,1.66405200958,0.859050452709,0.904687523842,0.881278583909,0.936432396551
relu,0.9,0.999,811949ae40a2ed4432ce96b3ddd0f7fcd9ab95bd,4.yelp.silver,300,data/results/20171217_192119_811949,0.5,data/glove.840B.300d.txt,1e-08,20,0.847266889631,50,False,"[1, 2, 3, 4, 5]",0.001,max,45,9066,0.001,8.5235414505,0.924882650375,0.927670001984,0.926274229254,0.975473187131,1.82129025459,0.805810391903,0.893220365047,0.847266889631,0.901843288711
relu,0.9,0.999,811949ae40a2ed4432ce96b3ddd0f7fcd9ab95bd,4.yelp.silver,300,data/results/20171217_193717_811949,0.5,data/glove.840B.300d.txt,1e-08,13,0.83950612784,100,False,"[1, 2, 3, 4]",0.001,max,38,9066,0.001,10.6667470932,0.902859330177,0.898097574711,0.900472127568,0.962069596505,1.850435853,0.815999984741,0.864406764507,0.83950612784,0.903522601477
relu,0.9,0.999,811949ae40a2ed4432ce96b3ddd0f7fcd9ab95bd,4.yelp.silver,300,data/results/20171217_195647_811949,0.5,data/glove.840B.300d.txt,1e-08,15,0.846215132125,75,False,"[1, 2, 3, 4, 5]",0.001,max,40,9066,0.001,9.04023742676,0.922058284283,0.918063640594,0.920056596734,0.971841404556,1.84462118149,0.798496246338,0.899999976158,0.846215132125,0.906072521822
relu,0.9,0.999,811949ae40a2ed4432ce96b3ddd0f7fcd9ab95bd,4.yelp.silver,300,data/results/20171217_201755_811949,0.5,data/glove.840B.300d.txt,1e-08,16,0.844022154107,100,False,"[1, 2, 3, 4, 5]",0.001,max,41,9066,0.001,8.73106193542,0.92390280962,0.92390280962,0.92390280962,0.974573466752,1.86371982098,0.791976213455,0.903389811516,0.844022154107,0.904328268407
relu,0.9,0.999,811949ae40a2ed4432ce96b3ddd0f7fcd9ab95bd,5.yelp.biased,300,data/results/20171217_203244_811949,0.5,data/glove.840B.300d.txt,1e-08,8,0.874299430538,50,False,"[1, 2, 3, 4, 5]",0.001,max,33,8581,0.001,11.4394741058,0.895813584328,0.890751540661,0.893275420913,0.953124434743,1.8970477581,0.828528046608,0.925423741341,0.874299430538,0.923910009591
relu,0.9,0.999,811949ae40a2ed4432ce96b3ddd0f7fcd9ab95bd,5.yelp.biased,300,data/results/20171217_204558_811949,0.5,data/glove.840B.300d.txt,1e-08,9,0.870550146987,100,False,"[1, 2, 3, 4]",0.001,max,34,8581,0.001,11.4481954575,0.891238689423,0.889056324959,0.890146169571,0.953750550691,1.8788163662,0.832817316055,0.91186439991,0.870550146987,0.921322573669
relu,0.9,0.999,811949ae40a2ed4432ce96b3ddd0f7fcd9ab95bd,5.yelp.biased,300,data/results/20171217_210026_811949,0.5,data/glove.840B.300d.txt,1e-08,7,0.871255089706,75,False,"[1, 2, 3, 4, 5]",0.001,max,32,8581,0.001,11.5924520493,0.890795946121,0.889621376991,0.890208274115,0.953115379206,1.85962700844,0.834108531475,0.91186439991,0.871255089706,0.923065276363
relu,0.9,0.999,811949ae40a2ed4432ce96b3ddd0f7fcd9ab95bd,5.yelp.biased,300,data/results/20171217_211512_811949,0.5,data/glove.840B.300d.txt,1e-08,6,0.872698168273,100,False,"[1, 2, 3, 4, 5]",0.001,max,31,8581,0.001,11.5623693466,0.893665611744,0.88491243124,0.889267482328,0.953321227079,1.85585319996,0.827010631561,0.923728823662,0.872698168273,0.927096211057

